start_s,end_s
4121.656,4123.591
4125.860,4127.695
4129.797,4131.733
4132.834,4134.501
4138.940,4140.708
4140.742,4142.242
4146.814,4147.782
4147.815,4149.483
4150.785,4152.620
4156.691,4157.925
4157.959,4159.627
4159.661,4160.828
4161.428,4163.163
4169.003,4170.938
4171.673,4173.473
4214.015,4215.248
4215.282,4216.551
4216.584,4217.852
4217.885,4220.855
4220.888,4222.289
4222.322,4225.459
4229.897,4232.800
4236.938,4238.305
4238.338,4240.007
4241.341,4242.643
4244.244,4245.580
4245.613,4247.715
4251.819,4253.821
4253.855,4256.090
4256.124,4257.625
4259.694,4261.328
4262.830,4263.664
4269.771,4271.572
4272.840,4274.675
4277.377,4278.646
4278.679,4279.446
4279.479,4280.380
4280.413,4281.649
4281.682,4282.382
4282.415,4283.050
4283.084,4284.417
4284.451,4285.987
4287.487,4288.388
4307.008,4308.075
4308.109,4309.043
4309.076,4310.410
4310.443,4313.346
4313.380,4314.549
4314.582,4315.817
4315.850,4316.951
4316.984,4317.919
4327.962,4328.896
