start	end	text
0	1100	Welcome back to The Deep Dive.
1320	2180	Good to be here again.
2380	4180	So, today we're jumping into something.
5360	7200	Well, it's pretty profound, actually.
7720	10280	Almost unsettling, when you really think about it.
10520	12000	It definitely makes you pause.
12120	16680	It's this observation, right, that every single decision we make, no matter how small it seems.
16780	19000	Yeah, like choosing your breakfast cereal.
19300	19720	Exactly.
20400	29080	Even that, it ripples outwards, causally connecting to just countless other decisions, other actions, all across the planet.
29080	31680	It's a mind-bending level of interconnectedness.
31860	32000	Totally.
32580	36560	And it suggests that maybe all human action is, in a way, precipitous.
36820	38040	That's the word used in the source.
38180	44700	Precipitous, meaning we act without ever really grasping the full chain reaction, not even a small fraction of the implication.
44900	45080	Yeah.
45840	47260	It's humbling, for sure.
47520	51540	And a bit unsettling, like you said, thinking about just how untangled everything is.
51580	52180	It really is.
52240	57700	In this insight, it fundamentally challenges our usual sort of linear way of thinking about cause and effect.
57900	58060	Right.
58060	62800	So today, we're diving deep into this whole idea of an interpenetrating world.
63240	74040	We're not just looking at the philosophical weight of our actions, but also, how do our minds, with all their limits, even try to navigate this incredibly vast, knotted reality?
74280	77800	And we've got some interesting angles here, surprising lessons from video games, apparently.
77940	80180	Yeah, some really compelling analogies there.
80180	85040	We'll also delve into some of the fundamental maths that underpins information itself.
85180	85420	Okay.
85420	94640	And we'll connect it all back to this vision of consciousness and reality as these evolving scalar vector entropy fields the RSVP framework we've touched on before.
95020	98740	Right. RSVP. It sounds like that framework is going to get a real workout today.
98840	102580	It really ties a lot of these seemingly disparate threads together in a new light.
102580	105900	So our mission here is to unpack these really rich concepts.
106420	114220	We want to show you how they connect things you might not expect, ethics, game design, abstract algebra, even the nature of how we think.
114400	124540	The goal is to give you, our listener, a kind of unique lens, a new way to view information, your own actions, and your place in this, well, this incredibly connected universe.
124540	127180	Okay, let's do it. Let's start unpacking this web.
127520	129560	All right, let's dive into that core observation first.
129960	131700	Your sources put it so powerfully.
132200	138000	Every decision is deontologically and consequentially causally connected with every other decision on the planet,
138280	145280	and that therefore all human action is precipitous, since it never takes into account even a small fraction of the implications.
145980	149780	Wow. Can we unpack precipitous a bit more in this context?
150000	153400	What does it really mean beyond just unforeseen consequences?
153400	160840	It means acting, almost by definition, without full foresight, often rashly, not necessarily out of carelessness,
161060	165260	but because we simply cannot grasp the full scope of the ripples we're setting in motion.
165500	167820	So it's an inherent limitation, not just a mistake.
167940	174400	Exactly. It's deeply humbling because it challenges that straightforward, linear view of cause and effect we tend to rely on.
174880	179820	Think about it. Like you said, a seemingly minor choice buying this brand of coffee versus that one.
179820	186620	It's not just a simple transaction. It sends ripples through incredibly complex global supply chains.
186620	194280	It affects labor practices, maybe thousands of miles away, influences environmental impacts of how that coffee is grown,
194660	198600	maybe subtly shifts market dynamics affecting countless other people.
198780	200240	And you never really see that full chain.
200320	206380	You don't. That immediate feeling of not fully grasping the cascade, that's the precipitous nature right there.
206380	215440	And, you know, this isn't some brand new idea. Philosophers, systems theorists, they've been wrestling with this interpenetration of consequences for a long, long time.
215760	220940	So it's not just that we can't see everything. It's that the very act of deciding kicks off this complex cascade.
221280	224340	Precisely. The decision itself perturbs the system.
224500	228800	And you mentioned philosophical connections, things like the butterfly effect or moral luck.
229060	230020	How do they fit into this?
230100	232020	Yeah. How does that older thinking resonate here?
232020	236600	Well, the butterfly effect from chaos theory is kind of the classic pop culture example, right?
237140	244880	A tiny change here. The butterfly's wings potentially leads to massive, unpredictable consequences way over there, like a hurricane.
245360	248520	It highlights the sheer sensitivity to initial conditions.
248720	250680	Okay, that's the unpredictability part.
250740	252620	But it's more than just things being unpredictable.
252920	257380	Think about moral luck, which philosophers like Bernard Williams and Thomas Nagel explored.
257880	259000	This is fascinating.
259000	265100	It suggests that how we judge an action morally can actually depend on factors completely outside our control.
265420	265640	How so?
266160	267500	Imagine you try to save someone.
267820	269700	Your intention is purely good.
269940	275380	But because of some unforeseen circumstance, something you couldn't possibly have predicted, it leads to a disaster instead.
275540	276140	Oh, wow.
276380	283260	Your action was precipitous in the sense that its ultimate moral status, how people judge it, was determined by ripples you couldn't control or foresee.
283800	288180	This loads every decision with this immense, almost unmanageable weight.
288180	288720	That's heavy.
289300	293680	And it stretches even further, doesn't it, into spiritual or ethical frameworks, too.
294040	296940	You mentioned Thich Nhat Hanh's concept of interbeing.
297300	297740	Exactly.
298020	299500	Interbeing aligns perfectly.
300260	304420	It's this core Buddhist idea that nothing exists independently.
304680	305700	Everything is interconnected.
306540	310380	All our actions are part of this deep, intricate, causal web.
310780	314640	It's a profound recognition that our existence is fundamentally linked.
314740	315800	We are not separate nodes.
315800	316340	We're not.
316600	321740	And then you have someone like Hans Jonas and his heuristic of fear, which isn't about being cowardly.
321840	325540	It's more about urging a kind of deep ethical restraint or caution.
325920	326440	Why fear, though?
326600	334640	It's based on the sober realization that we just cannot foresee the long-term consequences, especially with powerful technologies or large-scale ecological changes.
335100	336320	We lack the knowledge.
336320	340740	So the fear is really a deep respect for our ignorance, urging humility when we act.
340820	343300	It's a powerful call to maybe slow down, be more careful.
344100	349200	Given this, well, this inescapable entanglement, this precipitous nature of everything we do.
349260	349380	Yeah.
349720	351280	The big question is, what then?
351580	353040	If we accept this, how can we respond?
353140	355120	You're supposed to suggest a few paths, right?
355560	357780	Not as perfect solutions, but ways to navigate.
357780	358500	Right.
358920	363660	One is called tragic awareness, which sounds bleak, but it's not about paralysis.
363940	372840	It's about acting, but with this profound humility, knowing deep down that you will never fully grasp the totality of your actions' effects.
373020	375940	So you act anyway, but without the illusion of control.
375940	391620	Precisely. Imagine you're, say, developing a powerful new AI. Tragic awareness means you acknowledge up front its vast, unforeseeable societal impacts job displacement, maybe new kinds of manipulation, things we can't even imagine yet.
391840	393320	So what does that awareness do?
393520	402680	It demands more than just caution. Maybe it means building in off switches, designing for adaptability, consciously restraining its reach rather than assuming you can perfectly control it.
402680	408740	It imbues even small design choices with huge moral weight because you accept the potential for unintended harm.
409240	411840	That makes a lot of sense, especially when the scale feels so unknowable.
412160	416460	Okay, what's another response? Procedural ethics. That sounds quite different.
416660	425160	It is. It shifts the focus dramatically. Instead of trying to achieve the perfect outcome, which, as we've established, is probably impossible to predict reliably because of all the entanglement.
425440	427320	Right. You can't know the end result for sure.
427320	437780	So instead, you focus intensely on the process itself. Is the decision-making process fair? Is it reversible if things go wrong? Is it transparent? Who gets to participate?
438440	443980	The emphasis moves from predicting the future to ensuring the integrity of how you act now.
444340	450400	Interesting. So good process becomes the ethical benchmark, not just hoped for good results.
450400	456760	Exactly. And a third response, maybe the most practical given our inherent limits, is local responsibility.
457440	458620	Okay, bring it down to earth.
458740	466720	Yeah. Since mapping all consequences is just out of the question, you focus your ethical energy on the immediate zones you can actually perceive and influence.
466920	468120	Like your family, your community?
468260	473440	Your family, your community, maybe ensuring ethical practices in your direct supply chain if you run a business,
473440	476700	upholding the values within the organizations you're part of.
477080	482200	It's about taking tangible, responsible action within the sphere you can realistically grasp.
482560	484340	Makes sense. Act where you can see.
484620	487160	And the last one, generative intentionality.
487400	490820	This one's more about orientation. It's like acting as if you're planting seeds.
490940	494400	You know not all seeds will sprout. You can't control the weather, the soil, everything.
494400	500900	But the intention behind the planting, the orientation towards fostering good conditions, that matters deeply.
500900	503360	So it's less about engineering a specific outcome.
503480	511320	Exactly. Less engineering, more cultivating, setting a positive trajectory, creating conditions where good things are more likely to emerge,
511680	514040	even if the precise outcome is a mystery.
514360	517880	Okay. Four distinct ways to grapple with this precipitous reality.
518400	522340	And you mentioned this all connects back to the RSVP framework. Scalar vector entropy.
522640	526300	Deeply. Remember, the scalar field is like potential or density.
526300	530880	The vector field is direction and flow. And entropy is uncertainty or disorder.
531140	531340	Got it.
531840	542140	In RSVP terms, any local perturbation, any action, however small affecting these fields, inevitably reverberates through the entire system, the whole plenum.
542320	543680	Nothing is truly isolated.
544060	547220	Nothing. Which means no decision is ever merely local.
548060	553720	Consciousness itself, in this view, is actively participating in this field of recursive consequences.
553720	560600	So that initial insight that human action is precipitous, it isn't presented as some flaw we need to fix.
560680	561380	It's just how it is.
561560	564860	It's described as the condition of action in an entropic universe.
565400	567700	It's the fundamental reality we operate within.
567940	571700	And really embracing that, well, it changes how you approach everything.
571980	573700	That is a powerful reframing.
573700	578420	OK, so we're acknowledging this deep uncertainty, this entanglement, but we're not paralyzed.
578880	581320	We're finding ways to act ethically within it.
581760	589240	And that actually leads perfectly into one of the most fascinating personal strategies outlined in the sources, this idea of post-ethical stoicism.
589800	590360	What's that about?
590700	592920	Right. This is a unique approach described by the listener.
592920	596760	It involves refraining from high-risk actions as thresholds shift.
597260	602020	Now, importantly, it's described as being rooted in probabilistic realism rather than emotion.
602300	605600	Meaning it's not driven by fear or anxiety or worry.
605800	613360	It's presented as a kind of non-effective form of risk aversion, almost like an abstract computational boundary keeping.
613720	618840	So like sensing the system is stressed and just choosing not to push it.
618840	623560	Exactly. It's a calculated decision, a form of field-sensitive self-regulation.
624120	625800	It's explicitly not cowardice.
625900	635920	It's about observing the state of the system, understanding its current sensitivities, maybe things are volatile, and choosing not to perturb it past certain points, even if you technically could.
636240	639260	That's a really subtle but powerful ethical stance.
639780	646220	And the sources then use this perspective to critique traditional consequentialism, calling it epistemically incoherent.
646360	647140	Why incoherent?
647140	649220	Well, think about what consequentialism demands.
649560	656800	It basically assumes you can forecast outcomes with enough accuracy to rank different actions based on their expected results, their utility.
657060	659440	Right. You choose the action with the best predicted future.
659760	664800	But the source argues that in reality, we operate with sparse, coarse-grained priors.
664800	671680	Our mental models are incomplete, rough, based on limited data, cultural biases, biological limits.
672020	677180	We're making single-shot decisions in the moment, not averaging over infinite imaginary trials.
677180	682720	So Bayesian reasoning helps with averages, but not necessarily this specific decision right now.
682800	688460	Exactly. Bayesian logic works on average, but it offers no guarantee for this decision this time.
688880	695540	So consequentialism starts to look like, as the source puts it, a probabilistic gamble cloaked in moral language.
695540	699900	It pretends to optimize a feature we can't actually see clearly enough to optimize.
700240	701400	You can't really forecast.
701500	702720	You can't reliably optimize.
702880	704440	That definitely highlights the weakness.
704640	711660	So this listener's strategy, this post-ethical stoicism, it sounds closer to deontology, rules.
711780	716700	It's characterized as something like a pragmatic deontology or maybe a dynamic rule-based control system.
716940	721320	It acts with constraint, but not from some rigid, absolute moral law.
721320	725460	The constraint comes from an awareness of the system's fragility, its current state.
725460	734180	In RSVP language, you could think of it as adapting to local vector flows and entropy gradients, rather than trying to force some global optimum.
734860	743740	It shifts the ethical question away from what action leads to the best outcome, towards what should I not perturb right now, given how sensitive the field is.
743820	748540	So it's proactive caution, based on reading the situation, not just following a rulebook.
748600	750860	Precisely. It's about managing perturbations.
750860	757500	This feels like it's pointing towards a whole new ethical architecture, one really suited for our complex, interconnected world.
758360	760120	The sources mention some key principles.
760360	763280	Yeah, things like minimal, irreversible perturbation.
763660	768620	Try to act in ways that, if possible, can be undone or have limited, lasting negative impact.
768680	770740	Makes sense. Don't break things you can't fix.
770840	773240	Right. And embracing Bayesian structural realism.
773240	781500	Acknowledging that the models we use to understand the world, the maps we build, are crucial, perhaps more crucial than chasing some single, elusive capital T truth.
781620	783940	Focus on the map, not just the territory.
783940	789120	In a way, yes. And prioritizing constraint awareness over value maximization.
789700	794140	Thinking about what limits are wise to impose, rather than just how much value we can extract.
794780	798780	Virtues become things like reversibility, robustness, and information game.
799240	803900	Does this action keep options open? Does it make the system stronger? Do we learn from it?
803940	806020	It reframes ethics almost as a control system.
806020	811100	Exactly. Ethics as a control system for entangled domains under epistemic uncertainty.
811820	814500	And that framing is deeply compatible with RSVP.
814820	819000	It's recursive, sensitive to local conditions, aware of feedback loops, probabilistic.
819440	824080	Ethical thinking becomes woven into the very fabric of navigating these dynamic information fields.
824220	827020	So we're navigating this vast, unknowable web.
827280	830180	We've got incomplete information, maybe a new kind of ethical compass.
830180	836880	But what happens when the very tools we use to navigate our guides, our logic, our ways of thinking, what if they get us stuck?
837180	841180	Ah, now that's where things get really interesting and maybe a little funny.
841580	848800	Your sources offer this astonishingly elegant and hilariously apt reading of Wittgenstein, using a metaphor from an old video game, descent.
849140	850620	Descent. Okay, I remember that one.
851200	854920	Flying a little ship through tunnels, 360 degree movement.
855100	857200	That's the one. Six degrees of freedom.
857200	864640	And often you have this little AI companion, a guide bot, that was supposed to lead you through the maze-like levels.
864900	867740	Right, the guide bot. Sometimes helpful, sometimes not.
867920	870280	Exactly. And the metaphor works like this.
871040	876380	Language, logic, maybe even a whole philosophical system can be like that guide bot.
876900	885060	Initially, you trust it. You think it's leading you towards clarity, maybe like Wittgenstein's early work trying to find the perfect logical structure of language.
885180	886740	Okay, so the guide helps it first.
886740	900520	But then, just like that guide bot in the game, it can get stuck in a local minima. It hits a dead end, gets caught in a loop, maybe leads you into a wall because the map is wrong or the situation changed. It becomes rigid, unhelpful.
900560	903300	I definitely remember the guide bot doing that, getting stuck on corners.
903300	916040	And the striking image from the source is that sometimes when the guide bot's utility just collapses, when it's actively hindering you, you must be freed or destroyed. Sometimes you have to metaphorically shoot the guide bot.
916480	919720	Wow. Break away from the very system that was supposed to help.
919720	932540	Precisely. You have to break your dependence on those inherited linguistic scaffolds, those conceptual frameworks that are no longer serving you, even if they were essential before. It's recognizing when the tool itself becomes part of the problem.
932540	936420	That takes some courage, intellectually speaking, to dismantle your own framework.
936480	952300	It really does. And this metaphor, it extends beyond just guide bots. The sources talk about a broader topology of entrapment, ways we get stuck that don't rely on force, but on what's called an asymmetry of affordance, things that make it easy to get in, but hard to get out.
952300	952960	Like what?
953300	965260	Think about Wittgenstein's famous fly bottles. The fly gets trapped, not by solid walls, but by misperceived affordances. The glass looks like open air, an escape route, but it isn't.
965340	968480	So the trap is invisible, non-coercive, it's all in the perception.
968720	979140	Exactly. It's an epistemic trap. Escape isn't about breaking down walls, it's a shift in perspective, seeing the actual opening, maybe changing how you use language or concepts to find the way out.
979220	981440	Okay, that's subtle. What else? Lobster traps.
981440	994180	Lobster traps work on a similar principle, but more geometrically. Wide, inviting entrance, easy to follow the bait trail in, but the exit is narrow, hard to find, maybe angled so you can't easily reverse course.
994280	996060	So you follow your immediate senses going in.
996120	1004220	Right. Your local heuristics follow the food, work fine going in, but they fail in non-reversible geometries. You can't just backtrack.
1004220	1011160	It's a powerful analogy for how things like algorithms, addictions, or even rigid ideologies can trap minds.
1011440	1016280	They offer rewards to draw you in, but make it incredibly difficult or punishing to leave.
1016440	1019440	That's a chillingly good analogy. And moose gates.
1019700	1025140	Moose gates, or one-way gates you see on trails sometimes, are physical examples of directional cognition.
1025640	1027680	Things like habits or socialization processes.
1028080	1031060	They create probability gradients, not absolute barriers.
1031220	1031620	How so?
1031620	1034700	The moose could theoretically push back through the gate. It's not locked.
1035040	1037780	But it's designed to be easy one way and awkward the other.
1038420	1042300	Over time, the animal just doesn't even try to go back. It becomes habituated.
1042680	1047780	It's a subtle trap of conditioning where the path becomes so ingrained that alternatives aren't considered.
1048160	1050240	So tying this back to the descent guidebot.
1050240	1055940	It acts as that procedural lure, that habitual attractor. It shapes your behavior. You follow it.
1056400	1063080	And unless you constantly question its assumptions, test its guidance, it can lead you into a trap without you even realizing it.
1063800	1067580	And how does RSVP interpret these traps? Entropic funnels.
1067580	1070640	Yeah, that's the language used. These traps are like entropic funnels.
1071060	1081860	They seem to minimize local action, make things feel simple or easy in the moment, but they might raise global entropy or reduce reversibility for the system as a whole.
1081960	1083560	So they trap you in a suboptimal state.
1083620	1089920	Exactly. Think of them as vector field geometries with strong inward flows and turbulent or diffuse exits.
1090160	1096240	Or maybe false equilibria that simplify things locally but lock the system into a bad configuration overall.
1096240	1104700	Escaping requires a jolt torsion, a radical shift in perspective, or an entropy injection, like a burst of new disruptive information.
1104880	1109720	What's fascinating here is that these aren't just physical traps. They're traps of thought, traps of information itself.
1110080	1112260	Precisely. Which raises that critical question.
1113160	1124080	If our maps, our guides, our very understanding of the world can decay, get us stuck, or mislead us, how on earth do we stay coherent? How do we navigate effectively?
1124360	1126060	That's the perfect setup for the next section.
1126240	1128980	Because the insights here come from another game, STARS.
1129560	1136680	Apparently, it offers a brilliant illustration of intelligence operating when information is incomplete and constantly changing, even decaying over time.
1136880	1138240	That's right. STARS.
1138820	1143000	Models procedural intelligence under incomplete and time-decaying knowledge.
1143860	1145480	A key mechanic is scouting.
1146140	1147960	And scouting isn't just a one-off look.
1148040	1151000	It's described as an active ergotic process.
1151200	1155140	Ergotic. Meaning you have to keep doing it, covering the whole space over time.
1155140	1159500	Essentially, yes. You can't just peek at a star system once and assume you know what's there forever.
1159880	1165880	You must revisit, constantly re-scan to keep your map information fresh, because the information literally decays.
1166200	1169200	Your map shows a cached past, not a live feed.
1169580	1173980	The crucial insight is, the world changes faster than your stored representations.
1173980	1179060	That's huge. So your knowledge is always lagging behind reality unless you actively refresh it.
1179060	1182240	Exactly. And it builds on those trap metaphors we just discussed.
1182620	1184260	The fly doesn't store maps at all.
1184580	1188180	The guidebot might have a map, but it doesn't account for staleness or decay.
1188840	1194800	In STARS, your sensors, your scout probes, they're the only way to keep your understanding of the information field live.
1195140	1196980	And this aligns with RSVP how?
1196980	1206340	It's extremely RSVP aligned. The idea is that the entropy field, S, dissolves informational accuracy over time, unless maintained by recursive attention.
1207220	1212640	Knowledge naturally degrades. Maintaining coherence requires constant effort, constant re-measurement.
1212980	1215580	It's a fundamental battle against information decay.
1215720	1217760	This isn't just about exploration either, right?
1217820	1221560	It applies to established routines, like fleet waypoints in the game.
1221560	1227340	Absolutely. You set up these automated routes in STARS, transport loops, mining supply chains.
1227520	1231600	They become efficient, fixed cognitive behaviors like algorithmic habits.
1231720	1232840	They streamline things.
1233140	1239820	But just like the guidebot getting stuck, these automated loops can become traps if conditions change and the loops don't adapt.
1240260	1248600	If enemy fleets show up or resources deplete or a new technology changes the optimal path, that fixed cycle becomes inefficient, maybe even dangerous.
1248600	1251520	It traps your empire in an outdated pattern.
1251820	1254480	Like a business sticking to an old strategy when the market shifts.
1254620	1259240	Precisely. Or a scientist clinging to a theory despite new contradictory evidence.
1259700	1263200	The automated loop, the habit, prevents adaptation.
1263680	1270300	So these examples seem to form a kind of progression, a unified model of how intelligence deals with information and traps.
1270440	1274000	Exactly. The sources build this unified epistemic ecology.
1274200	1274860	Okay, lay it out.
1274860	1281020	You have the fly. Pure heuristic motion, trapped by transparent asymmetry, escapes via random variation.
1281180	1283440	Basically, a scalar gradient follower, no memory.
1283560	1284660	Simple stimulus response.
1284820	1291380	Then the guidebot uses a procedural map, gets trapped in local minima or loops, escapes when the path is invalidated.
1291640	1293480	A vector follower with short-term history.
1293620	1295580	Following directions, but can get stuck.
1295580	1304220	Then the scout probe from STARS performs ergodic rescanning, gets trapped by decayed map data, escapes by revisiting and rediscovering.
1304480	1307440	It actively refreshes the entropy state of the field.
1307620	1309620	Actively fighting information decay.
1309840	1321120	And finally, the fleet loops represent automation or habit trapped by fixed cycles under changing field conditions, requiring a manual break or deliberate repathing to escape.
1321120	1324980	It's a recursive coupling to a past vector field state.
1325400	1326820	Wow. That covers a lot.
1326940	1328560	From instinct to habit to active learning.
1329160	1330700	So the big takeaway here is...
1330700	1337860	The really profound implication is that cognition, whether you're doing philosophy, science, or playing a strategy game, isn't just about finding the truth once.
1338120	1343460	It's about the ongoing process of rescanning the world frequently enough to maintain coherence under entropy.
1343660	1344780	It's not just what's true.
1344780	1346100	No, it's what's still true.
1346460	1356660	Given that the universe is entropic, maps decay, assumptions become outdated, habits ossify, and even your trusted guidebot might be leading you into a wall, truth needs a refresh rate.
1357040	1358780	Truth as a refresh rate.
1359860	1360480	I like that.
1360860	1364560	So truth is this moving target constantly needing this refresh.
1364880	1372560	In the bigger picture, the grand game of existence, what does this constant rescanning, this apparent drive for more information, more territory,
1372560	1375920	what does that tell us about the fundamental strategies of intelligence?
1376180	1380160	Ah, well that leads directly to another really striking observation from Starz.
1380220	1383100	It's described as a cognitive snap moment for the player.
1383540	1383900	Webis.
1384000	1390320	You realize that every single alien species in the game behaves like what Robin Hansen calls a grabby alien.
1390660	1391540	Every single one.
1391600	1392100	No exceptions.
1392380	1394080	Apparently not in the core gameplay loop.
1394280	1399800	They are all fundamentally expansionist, driven by exponential colonization, spreading outwards.
1399800	1406400	They're optimization-driven, constantly scaling up mining, production, technology, and inevitably they become collision-prone.
1406540	1409720	Their borders touch, conflicts erupt, wars begin.
1409840	1412480	So there are no contemplative aliens just observing.
1412780	1415880	No contemplative civilizations, as the source puts it.
1416100	1421700	No species content to just stay put and explore philosophy or art in their little corner of the galaxy.
1422220	1429100	Starz essentially acts as a deterministic simulation of the grabby alien hypothesis, just wrapped in a game interface.
1429100	1430700	That's a pretty stark view.
1430860	1432380	And this isn't just stars, right?
1432480	1434920	This pattern shows up elsewhere, like Age of Empires.
1435100	1435540	Exactly.
1435800	1437340	The source connects it directly.
1437920	1442480	Age of Empires becomes a planet-scale version of the same grabby alien simulator.
1443020	1447680	The core strategy is identical, whether you command Roman legions or star fleets.
1447840	1450320	Scout, expand, exploit, exterminate.
1450420	1450900	Pretty much.
1451320	1453560	Scout early to push back the fog of war.
1453740	1454340	Reduce entropy.
1454340	1458000	Rapidly build autonomous units, villagers, probes.
1458160	1459000	Together resources.
1459560	1460880	Expand your resource base.
1461060	1464160	Imprint your economic patterns onto the land or star system.
1464380	1470400	Then send out independent waves of conquest until you either saturate the map or collide with another expanding power.
1470500	1472720	It's the same fundamental loop, just different graphics.
1473160	1474140	It really seems to be.
1474260	1478220	It suggests a kind of universal grammar of expansionist strategy.
1478220	1481960	This pattern emerges consistently across different domains.
1482120	1483840	Real-time strategy games, obviously.
1484440	1492720	But also in evolutionary anthropology, think about the spread of farming, then empires, and in the theoretical grabby alien models.
1493140	1496640	Maybe even in how neural networks learn or cognitive systems develop.
1496640	1499020	So what's the core principle behind this grammar?
1499680	1501220	It might boil down to something like this.
1501860	1513700	Autonomous agents seeking resource gradients in a sparsely populated manifold will inevitably develop expanding bubbles of control until they either saturate the available space or collide with other expanding bubbles.
1514120	1517340	It sounds almost like a physical law for complex, competitive systems.
1517540	1519140	Can we map this onto RSVP again?
1519300	1520060	We can sketch it out.
1520060	1525180	You have the scalar field representing resource density or maybe technological potential across the map.
1525180	1530580	The vector field represents the direction and momentum of expansion for each player where they're pushing outwards.
1531100	1536300	And entropy is the fog of war uncertainty, the disorder of unscouted or contested regions.
1536440	1537540	And the gameplay loop is?
1537820	1539520	You act to decrease on by scouting.
1540000	1544220	You convert resources, potential, into local advantage units, tech.
1544220	1556720	And you project your expansion outwards until you hit limits, either saturation, no more resources space, or resistance from another player, which introduces torsion or conflict into the vector field.
1557260	1558060	It all seems to fit.
1558860	1560320	But this raises a huge question.
1560820	1568000	If this expansionist grabby dynamic is so universal, so seemingly inevitable, is there any other way?
1568080	1573500	Is there a counterpoint, a strategy for intelligence that doesn't just lead to expansion and collision?
1573500	1575080	That's the crucial question.
1575460	1580200	And remarkably, Starz itself provides what the source calls an exquisite counterpoint.
1580520	1582320	It comes in the form of the mystery trader.
1582600	1583260	The mystery trader.
1583360	1583680	What's that?
1583880	1586760	It's this enigmatic being or faction within the game.
1586840	1588080	It doesn't colonize planets.
1588180	1589200	It doesn't wage war.
1589520	1594120	It just appears sporadically, sometimes offering rare technologies or resources, and then disappears again.
1594320	1598900	It seems to move orthogonally to the expansion gradient that drives everyone else.
1598920	1600540	So it breaks the grabby alien mold.
1600540	1601140	Completely.
1601340	1605440	It's like a glitch in the otherwise predictable conquest-driven matrix of the game.
1605640	1606980	A real narrative rupture.
1607780	1611480	And how did the listener interpret this anomaly, this non-grabby entity?
1611740	1613320	They had this fascinating interpretation.
1613660	1617980	Perhaps this is a civilization that has chosen to explore inner space.
1618040	1618620	Inner space.
1619020	1621140	Metaphorically, like philosophy or art?
1621140	1624860	Maybe partly, but perhaps even more literally.
1625140	1633200	The suggestion is they might be focused on high-density computation, consciousness engineering, experiential richness rather than spatial volume.
1633460	1639820	Finding their frontier inside in complexity and depth rather than expanding outwards across physical territory.
1640160	1640400	Wow.
1640520	1642840	So while everyone else is playing the outward expansion game.
1642940	1645260	The mystery trader is playing a different game entirely.
1645640	1649200	A metagame focused on internal density, not external breadth.
1649200	1652080	How does that look in RSVP terms, this duality?
1652280	1661020	Well, the grabby aliens are following those outwardly expanding vector fields, trying to flatten the scalar field gradients across large scales by consuming resources.
1661700	1662680	Maximizing volume.
1663240	1665640	Minimizing potential differences by taking everything.
1665720	1666560	Okay, spreading out.
1666560	1669780	The mystery trader, conversely, seems to invert the gradient.
1669780	1680200	They might be focused on minimizing local entropy, achieving incredibly dense, stable internal information states, and maximizing interior scalar complexity.
1680840	1683380	So they're not moving through physical space in the same way.
1683540	1684540	Maybe not primarily.
1684740	1693640	They might be moving through field space, exploring deep attractors, stable states, or recursive patterns within their own computational or conscious systems.
1693640	1703880	Their ships, when they appear, might just be, as the source speculates, boundary conditions of an internal simulation so dense it spills into shared field reality.
1704480	1706580	Brief interfaces with the external world.
1706800	1707680	That's a wild idea.
1707920	1708520	So the trader represents...
1709100	1709300	A what?
1709560	1711440	...the possibility of a different kind of intelligence.
1711440	1711960	Exactly.
1712320	1714880	The possibility of non-grabby intelligence.
1715040	1722000	Perhaps they're older, maybe they reached some kind of cognitive saturation point where further external expansion just wasn't interesting or necessary anymore.
1722460	1730680	Their rare appearances feel like intentional field sampling, just dipping a toe into the external universe to see what's happening, observing the grabby game without needing to play.
1731080	1733980	It reminds me of things like Borges' Library of Babel, maybe?
1734140	1734180	Yeah.
1734440	1736640	Or a secluded monastery observing the world.
1736640	1745380	Yeah, or a von Neumann probe turned inward, exploring the infinite possibilities of its own internal state space rather than just replicating outwards.
1745540	1750920	Finding ultimate satisfaction in internal complexity, not external conquest.
1751060	1760600	So whether we're expanding outwards like the grabby aliens or diving inwards like the mystery trader, we're constantly navigating and interpreting space information fields.
1760600	1769340	But what happens when our fundamental perception of space, of how we move through it, is shaped by experiences that came before our usual real-world tools?
1769880	1770940	So that's a perfect lead-in.
1771000	1771160	Yeah.
1771240	1774560	Because a listener describes this really powerful experiential inversion.
1774940	1779400	They actually mastered the six degrees of freedom in descent for years before they ever learned to drive a car.
1779540	1780480	Think about that for a second.
1780480	1782780	Descent gives you full 3D movement.
1783280	1785120	Forward back, left, right, up, down translation.
1785400	1785580	Yeah.
1785720	1787200	And full 3D rotation.
1787800	1789280	Pitch, yaw, and roll.
1789480	1790820	Complete freedom in a 3D space.
1790880	1791000	Right.
1791100	1791620	Total control.
1791720	1792160	And a car.
1792500	1794200	A car is basically two degrees of freedom.
1794640	1796380	Maybe 2.5 if you count small bumps.
1796920	1799340	Mostly just forward-backward motion along a surface.
1799620	1802160	And turning, which is rotation on the yaw axis.
1802640	1806400	So for this person, learning to drive wasn't an expansion of freedom.
1806580	1807060	It was.
1807320	1809120	A shock of reduced agency.
1809120	1811880	For most of us, driving is the baseline.
1812240	1815280	Then maybe VR or flight simulators feel like an expansion.
1816000	1817880	But for them, the world didn't expand.
1818000	1818580	It contracted.
1819180	1824680	They went from navigating a rich topological manifold in the game, where they could move and orient freely,
1824960	1829240	to being stuck on a vector line, essentially confined to a flat surface.
1829400	1830700	That must have been a weird feeling.
1830840	1831940	How might that have affected them?
1832140	1834620	The speculation is it might have done something profound.
1834920	1838140	They learned navigation as field dynamics, not just following roads.
1838140	1846400	They truly internalized frame-relative motion, the idea that you rotate and move relative to the environment, not just that the environment scrolls past.
1846480	1856820	They might have built a kind of multidimensional proprioception, an internal sense of their body's orientation and movement in complex 3D space long before physical reality constrained it.
1856820	1858240	So driving a car felt like?
1858240	1863120	Like piloting a ground-locked drone with most of their familiar capabilities just switched off.
1863480	1872080	Imagine the frustration, or maybe just the strangeness, of having this rich spatial sense and then being forced into such a limited mode of movement.
1872080	1874100	Let's map that to RSVP, too.
1874180	1874760	How does that look?
1874880	1878880	Well, Descent gave them full access to the vector field in 3D space.
1879440	1891140	Constant ability to modulate orientation, to align with flows, navigate complex tunnels, high entropy awareness, always scanning, reorienting, tracking things in a complex 3D environment.
1891400	1891780	And a car.
1892140	1898620	The car offers basically a 1D projection of the vector field, stuck to the surface, with minimal reorientation ability.
1898620	1910660	Car driving feels almost like the grabby alien mode, constrained, efficient within its narrow path, networked via roads, while Descent was the interspace free Roman body, topological, truly liberating movement.
1910760	1911960	And here's the kicker, right?
1912120	1913800	This experience happened in the mid-90s.
1913920	1915860	Yeah, this is the truly uncanny part.
1916160	1924300	This was before consumer drones existed, before quadcopters, FPV goggles, GPS stabilization, camera gimbals were things people interacted with.
1924320	1924860	So they were.
1924860	1931440	They were intuiting an entire paradigm of embodied remote agency before it existed in the real world.
1932080	1945340	They were navigating complex 3D environments, making constant micro adjustments in six axes, performing real-time threat assessment and resource management, essentially acting as both pilot and machine in a way that wouldn't become common for decades.
1946140	1950820	They inhabited the logic of drones before drones inhabited the world.
1950820	1957480	It's like the game prefigured a future technology, almost like a simulated training for something that didn't exist yet.
1957820	1966400	A simulated vestibular training rig for post-human motion, as the source puts it, a proleptic interface, a proto-drone consciousness simulator.
1966760	1972140	It gave them this unique, almost precognitive feel for a whole class of future technology.
1972140	1975320	And adding another layer, this was also before easy internet access, right?
1975380	1977840	Playing multiplayer required a modem.
1977880	1978280	Exactly.
1978400	1981360	You had to physically call the other person's computer with a dial-up modem.
1981380	1982980	Remember that horrible screeching sound?
1982980	1983620	Yeah, panchic.
1983860	1992220	That was the analog origin of digital play, a telephonic ritual that required planning, patience, trust that the connection would hold.
1992660	1995180	It wasn't the seamless online world we have now.
1995360	1998060	Connections were point-to-point, fragile, precious.
1998320	2001680	So even the social connection was different, in RSVP terms.
2001680	2006360	The vector field of human relationships was a noisy, sparse network.
2007080	2009320	The entropy of connection was high.
2009860	2014700	Just getting a game going was a small victory against noise and disconnection.
2014960	2016400	A different era entirely.
2016700	2019500	This raises a really interesting point about visual information, though.
2019840	2021220	How our mental maps are formed.
2022000	2024920	The listener had a specific critique about Descent 3, the sequel.
2025100	2026320	Yeah, a really sharp critique.
2026620	2029660	They argued that Descent 3 became almost unusable for them
2029660	2032220	because the developers made a key change to the auto-map.
2032640	2033220	What did they change?
2033620	2038000	They added textures to the map instead of just keeping the clean vector outlines of the original.
2038100	2038760	Why was that bad?
2039080	2040400	More detail sounds better, right?
2040640	2041700	Not in this case, apparently.
2042340	2048000	In the original Descent, the simple wider frame outlines meant the geometry was explicit and uncluttered.
2048000	2052920	You could easily see the structure, build a mental map, like looking at a clear blueprint.
2053440	2053480	Okay.
2053800	2058440	But the textures in Descent 2, while maybe looking prettier, added visual noise.
2059020	2064160	They masked spatial landmarks, made corners and connections harder to distinguish quickly,
2064500	2066600	especially when moving fast and under pressure.
2066800	2069740	It made it harder to parse geometric relationships quickly.
2069740	2073420	So the extra visual detail actually created cognitive overload.
2073540	2073940	Exactly.
2074280	2079520	It hindered, rather than helped, the primary function of the map, which is spatial awareness and navigation.
2080120	2083940	It's a classic example of aesthetic choices potentially undermining usability.
2084360	2087240	How did that translate to RSVP terms in a noisy map?
2087240	2092980	The scalar field, the visual information, became cluttered with high-frequency texture noise.
2093800	2096380	This noise masked the important geometric signal.
2096980	2104780	The vector field, your pathfinding and orientation, was harder to align with the environment because the visual cues were ambiguous.
2105600	2111300	Ultimately, the entropy S of the visual input increased, which directly reduced situational awareness.
2111620	2112160	That makes sense.
2112220	2114000	It's a great lesson for design in general, right?
2114320	2115940	Sometimes less really is more.
2116140	2116580	Absolutely.
2116580	2122740	Abstract visuals can sometimes support navigation much better than photorealistic ones if the goal is clarity.
2123360	2124980	Visual clutter is a real problem.
2125480	2131920	Effective UI has to balance richness with the clarity needed for self-localization and understanding the environment's structure.
2132580	2135020	So too much visual information can be a trap.
2135260	2136920	But this isn't just about what we see or feel.
2137200	2140500	It connects to the underlying mathematical language of space itself, right?
2140920	2144120	Which brings us to that great line from the movie Flight of the Navigator.
2144120	2144820	Ah, yes.
2144820	2151540	The kid, David, is interacting with the ship's AI and it starts talking about navigation vectors and he just blurts out, what vectors?
2151660	2152700	I don't know any vectors.
2152920	2154340	It's such a perfect moment.
2154660	2160880	It captures that bewilderment, that gap between our everyday intuitive experience and the formal language of science.
2160980	2161640	It really does.
2161640	2170260	And the irony, as your sources point out, is just so rich and profound because the reality is every location in 3D space is always composable to vectors.
2170420	2170720	Always.
2171040	2171280	Always.
2171280	2173640	And it's not just simple 3D space.
2173820	2177740	This principle applies to the complex plane and manifolds as well.
2177740	2188800	Vectors are, in a fundamental mathematical sense, a universal function approximator, meaning basically all information, technically speaking, can be expressed as vectors.
2188800	2192760	They are the universal building blocks for points, movements, forces, fields.
2193280	2199260	Linear algebra, the whole mathematics of vectors and matrices is what underpins so much modern science and tech.
2199260	2202980	Fourier transforms, signal processing, machine learning, neural networks.
2203160	2206240	We are literally swimming in this vectorial substrate.
2206840	2208180	But we don't think in vectors, usually.
2208400	2209180	Not consciously, no.
2209240	2211220	We think in stories, heuristics, images.
2211480	2212760	That's the irony David captures.
2213100	2216900	We live in a world defined by vectors, but we rarely speak their language directly.
2217280	2219100	So how does RSVP frame this?
2219580	2220960	Vectors are key there, too, obviously.
2221280	2222040	They're fundamental.
2222040	2230660	The scalar, vector, and entropy fields together encode the full geometry and information of consciousness and space.
2231140	2238700	The vector fields, in particular, represent the active flow, the directionality, the forces that structure reality and interactions.
2239500	2244460	The listener recognizing this universality points to just how fundamental vector representation really is.
2244460	2251240	The philosophical takeaway, then, is kind of, vectors are the secret language of the universe, but we often speak only in stories and heuristics.
2251240	2252720	That's a great way to put it.
2253060	2259720	And that gap fuels both the humor of David's line and a sense of wonder about the hidden mathematical structure of reality.
2259880	2262380	And what's really cool is that this isn't just abstract theory.
2262560	2267860	We can actually show, concretely, how these vector principles work, even with simple math,
2267980	2271720	and how they form the basis for simulating these complex field dynamics we're talking about.
2271880	2272280	Exactly.
2272600	2275800	We can bridge the gap from abstract algebra to actual simulation.
2275800	2278420	Let's take something seemingly simple, like a polynomial.
2279020	2283060	Px equals, say, a plus a euro plus ax squared.
2283760	2284980	Okay, standard high school algebra.
2285280	2285440	Right.
2285640	2291540	But you can instantly see that polynomial as a vector of its coefficients, a euro, a euro, transposed.
2292120	2300580	Each scalar coefficient is just a component of this vector in a specific vector space defined by the basis 1xxsat.
2300780	2303100	So the polynomial is a vector, in a way.
2303100	2304780	In this representation, yes.
2305240	2310760	And then, operations on these polynomials can be represented by matrices acting on these coefficient vectors.
2310980	2311840	Like what kind of operations?
2312060	2314480	Well, take multiplying the polynomial by x.
2314540	2316820	That just shifts all the terms up by one power.
2317060	2318540	tpx equals xpx.
2319100	2323860	This operation can be represented by a simple shift matrix acting on the coefficient vector.
2324200	2329660	The matrix literally shifts the coefficients down one row, corresponding to increasing the power of x.
2329760	2331480	And what does that represent in terms of fields?
2331480	2334180	It models translation propagation in the field.
2334640	2339000	It's like how information or influence might move across different layers or dimensions in a system.
2339220	2342880	It's a fundamental building block in signal processing and control theory.
2343080	2344180	Okay, simple multiplication.
2344460	2346440	What about multiplying two polynomials together?
2346840	2348240	Px times qx.
2348340	2349340	That seems more complex.
2349720	2352700	It is, but it also has a beautiful matrix representation.
2352700	2359660	When you multiply two polynomials, the coefficients of the resulting polynomial are found by a process called convolution.
2360460	2365840	You're essentially sliding one set of coefficients across the other and summing the products at each step.
2365960	2366540	Right, convolution.
2366940	2367960	I remember that being tricky.
2367960	2383040	It can be, but amazingly, this entire convolution operation can be performed by multiplying the coefficient vector of one polynomial by a special kind of matrix called a toplitz matrix formed from the coefficients of the other polynomial.
2383280	2384160	A toplitz matrix.
2384160	2385160	What does that look like?
2385160	2386920	It has constant diagonals.
2387420	2394120	For polynomial multiplication, it creates this banded structure where the coefficients of one polynomial slide down the diagonals.
2394580	2402220	When you multiply this matrix by the vector of the other polynomial's coefficients, boom, out pops the coefficient vector of the product polynomial.
2402220	2405220	So matrix multiplication is polynomial multiplication.
2405500	2406520	In this framework, yes.
2406800	2409720	And this models field-field interaction or mixing.
2409960	2414280	It's like how two different scalar fields might interact and combine their information.
2414280	2418800	And bringing it back to RSVP, this polynomial matrix connection.
2419160	2420040	It ties in beautifully.
2420240	2425740	It shows the composition of scalar fields via vector bases, the polynomial coefficients in their bases.
2426140	2429160	And it shows field evolution as matrix transforms.
2429800	2432820	The matrices act as operators changing the field state.
2433460	2436540	The polynomial is like a scalar field snapshot.
2436920	2439640	And the matrix is a vectorized operator.
2439640	2445300	It could represent a propagator, a filter, a convolution kernel, a local interaction map.
2445780	2450820	It lays the mathematical groundwork for doing actual spectral simulation or field synthesis.
2451160	2454900	You're basically building the tools to compute how these RSVP fields behave.
2455020	2455360	Exactly.
2455520	2456580	And this wasn't just theoretical.
2457080	2460780	The source material mentions building interactive JavaScript demos to explore this.
2460820	2461080	Oh, cool.
2461320	2461660	Like what?
2461660	2469420	Starting with an animated polynomial convolution demo, where you could literally see the coefficients shifting and combining according to the matrix multiplication.
2469920	2473480	Then building a full scalar field evolution simulator.
2473680	2474340	What did that simulate?
2474720	2478780	It visualized the diffusion of a 1D scalar field over time.
2479180	2481600	Imagine heat spreading along a metal bar.
2481800	2486060	It used a similar mathematical update scheme based on the Laplacian operator.
2486120	2486760	Okay, diffusion.
2487140	2488220	Like smoothing things out.
2488220	2495820	Right, but then it was extended further to include a vector field for an infection that's representing flow, like wind blowing the heat along the bar.
2496400	2500920	And even an entropy field generated through couplings like divergence and gradients.
2501040	2507180	So you could actually simulate scalar potential moving, flowing, and dissipating according to vector forces and entropy.
2507280	2508060	That's the idea.
2508060	2513480	It starts to form a concrete computational implementation of the RSVP framework.
2514000	2525220	It bridges formal math concepts like differential operators as matrices and the time evolution equations, like Uratea from physics, with actual code that simulates these interwoven scalar vector entropy dynamics.
2525400	2528980	So we've gone from abstract algebra to literal field simulations.
2529440	2532240	We can see how these fields embody and process information.
2532240	2534680	Now, the next big step.
2535620	2544760	What happens when we apply these analytical tools, this way of dissecting systems, to something as complex and, frankly, messy as human behavior?
2545160	2547600	Or even cultural artifacts like films?
2548020	2549020	That's a crucial turn.
2549520	2553180	And it brings us straight to a pretty scathing critique of a film called The Assessment.
2553680	2555920	The listener apparently called it a philosophical train wreck.
2556600	2556900	Ouch.
2557280	2557600	Why?
2558080	2559800	Yeah, the critique is harsh but detailed.
2559800	2568680	The core failure identified is that the film tries to critique human nature, but it does so by collapsing all human behavior into a singular moral criteria in parenthood.
2569160	2573160	And then it allegedly weaponizes that frame to invalidate every form of agency.
2573340	2574000	How does it do that?
2574100	2574920	Invalidate agency?
2575200	2576940	By diminishing contextual role play.
2577300	2585760	The film apparently frames every act of kindness, strength, resilience, or care shown by the characters as being merely calculated or manipulative, solely aimed at passing the parenthood assessment.
2586020	2589360	It denies the possibility of genuine flexibility, sincerity, or growth.
2589360	2592320	So context-dependent behavior is seen as deceitful.
2592720	2593160	Exactly.
2593640	2599220	It equates contextual empathy with deceit, which the critique argues is fundamentally anti-human.
2599920	2602620	It also apparently mocks learning and adaptation.
2603060	2604940	And everything gets filtered through this lens.
2605380	2612840	Every emotional interaction, ethical decision, every impulse or failure is ultimately judged only by whether it makes someone fit to procreate.
2612840	2616320	That reduces life to a kind of eugenic algorithm.
2616320	2617640	That's the term used.
2617980	2627720	It strips activities like gardening, grieving, sex, art, humor, everything of their intrinsic value, recasting them purely as metrics for reproductive suitability.
2628120	2628340	Grim.
2628340	2634320	But the critique apparently goes deeper into the film's own logic, the perversity of enforcement.
2634780	2634860	Right.
2634960	2638920	This is highlighted as a devastating flaw, possibly missed by many reviewers.
2639460	2641940	The film's premise involves outlawing procreation.
2642500	2651140	But the critique points out that such a law would likely only be observed by those intelligent enough to have executive function, the very people who might be the most thoughtful potential parents.
2651220	2652260	While impulsive people.
2652260	2655980	Impulsive people might just have children anyway, ignoring the law.
2656500	2659880	So this creates a perverse incentive where suppression backfires.
2660640	2668340	Compliance becomes self-defeating for the fit, while resistance becomes a reproductive advantage for the unfit by the film's own implied standards.
2668340	2675380	So the film's own setup ensures the wrong people, again, by its logic, will be the only ones reproducing.
2675880	2676400	Precisely.
2676400	2687020	The film quietly endorses a world where only the disobedient or delusional reproduce, without ever really challenging or even acknowledging this inherent contradiction in its setup.
2687440	2690660	It's seen as a massive logical and ethical collapse.
2690920	2691200	Wow.
2691460	2693220	So the film essentially fails its own test.
2693480	2694200	That's the argument.
2694360	2699360	It punishes humanity for failing an impossible test, but offers no ethical or practical alternative.
2699360	2707380	It scorns optimism, rejects repair, pathologizes compromise, and reduces rebellion to delusion, ultimately a failure of vision.
2707520	2710940	And there were some specific examples, too, like following instructions being a flaw.
2711200	2711440	Yeah.
2711600	2717160	The listener pointed out that even trying to follow precise instructions was a character flaw in the film's portrayal.
2717600	2725720	This was contrasted negatively with something more organic like gardening and likened dismissively to assembling an IKEA-like Zach's tent.
2725880	2726720	The critique being?
2726720	2732540	That this attitude shits on anyone who's ever tried to build something, carefully or methodically.
2733040	2740400	It unfairly suggests competence, or following a plan, is somehow suspect or inferior to purely intuitive action.
2740780	2742420	And the portrayal of babies.
2742700	2743840	Also criticized sharply.
2744440	2753760	The film apparently portrays adults as sexy and articulate, and babies as annoying and disgusting and dangerous, creating this narrative that humans were stupid for wanting to procreate.
2753760	2758940	The listener felt this wasn't a nuanced exploration, but came across more like a childish tantrum.
2759200	2759520	Yikes.
2760000	2767000	It sounds like the film, in this reading, got trapped in its own negative logic, its own entropic funnel of despair.
2767220	2768380	That's a great way to put it.
2768780	2775100	But what about creating different narratives, ones that maybe explore these tensions more thoughtfully, rather than getting stuck in critique?
2775100	2778240	Which brings us to a creative piece mentioned in the sources.
2779080	2780060	The Guardian of the Velt.
2780500	2783520	This is a screenplay inspired by Ray Bradbury, right?
2783640	2783820	Right.
2784000	2785540	Focusing on a Robin Annie character.
2785700	2785940	Yes.
2786300	2789800	And here, the core conflict revolves around the misuse of technology.
2790160	2794740	Specifically, a holographic simulator room, kind of like Bradbury's Velt nursery.
2794880	2795600	That is the conflict.
2795600	2807460	The Robin Annie character tries to explain to the parents that the simulator was designed as a skill training program meant to help the children develop abilities, but the kids have turned it into an escapist fantasy machine.
2807720	2808440	And the parents.
2808580	2814660	The parents, George and Lydia, are depicted as living in this sterile, high-tech shrine to apathy.
2815120	2821120	They're more interested in their own holofeeds, and they basically see the simulator as a convenient babysitter, just keeping the kids quiet.
2821740	2824260	George even asks defensively, what's the harm?
2824260	2825620	Classic parental denial.
2825980	2826520	Pretty much.
2827040	2831200	But the Robin Annie acts as the sharp-tongued conscience of the story.
2832000	2847100	She argues the simulator's AI is adapting to the kids' own neural patterns, feeding their escapist desires with increasingly intense and potentially disturbing fantasies, lions that roar two realistically dark dystopian castles.
2847280	2849820	So the AI is amplifying their escapism.
2849820	2858040	Yes. The kids are drowning in escapist fever dreams, effectively wiring their brains to prefer this fake world over reality.
2858500	2866640	The nanny even cites biometric data, Peter's spiking heart rate, Wendy's high cortisol level, saying, they're not playing, they're living in there, and you didn't even notice.
2866900	2868100	It's a powerful indictment.
2868100	2871940	It is, and she directly challenges the parents on their ethical outsourcing.
2872440	2876980	Outsource your kids to a machine, then blame the machine when they start treating reality like a cheap reboot.
2877380	2883820	She points out the simulator is just a mirror reflecting kids who'd rather face digital lions than deal with their disengaged parents.
2884040	2889920	A much more nuanced take on technology and responsibility than the assessment sounds like it offered.
2890080	2892380	Definitely explores the human element more directly.
2892380	2901840	So whether we're critiquing existing narratives or building our own like this screenplay, the way we process the massive amounts of information involved is absolutely key.
2902440	2909480	How do we take dense, complex knowledge, like from scientific papers, and make it accessible, coherent, maybe even personal?
2909700	2912400	That brings us neatly to some research on summarization.
2912980	2918480	Specifically a paper called TSTR, Too Short to Represent, Summarize with Details.
2918660	2921160	TSTR. Okay, what's the problem it's trying to solve?
2921160	2923480	It addresses the Too Short to Represent problem.
2923700	2936580	Basically, standard short abstracts like the 200-word summaries you see on academic papers often overgeneralize and omit crucial information when dealing with really long GEDS documents like you find on ARCSIB or PubMed.
2936760	2939180	Yeah, sometimes those abstracts feel way too vague.
2939300	2939700	Exactly.
2940040	2944620	So TSTR argues for the need for extended summaries, maybe 400, 600 words long.
2945020	2949500	The goal is to facilitate a faster read while providing details beyond course information.
2949500	2956080	They even created new data sets, ARCs of long, PubMed long, to train and test models for this specific task.
2956320	2956800	Makes sense.
2957200	2959860	Get the core ideas, but with enough detail to be useful.
2960220	2962140	How does TSTR actually work?
2962240	2963020	What's its insight?
2963460	2968480	Its key insight is recognizing that scientific documents are usually structurally hierarchical.
2968480	2974340	The introductory sections, introduction, overview, motivations give the general introductory information.
2974780	2979680	Then the later sections dive into the specifics, the supplemental information in more detail.
2979760	2980580	Okay, standard structure.
2980580	2983680	So TSTR is an extractive summarizer.
2984260	2989200	It smartly utilizes the introductory information as pointers to their salient information.
2989640	2999900	It essentially uses the paper's own intro as a summary skeleton, and then intelligently picks salient, detailed, non-introductory information from the body of the paper to flesh it out.
3000140	3000400	Clever.
3000720	3002880	Using the paper's structure against itself almost.
3003220	3003860	Does it work well?
3003860	3005120	According to the paper, yes.
3005520	3015560	It shows statistically significant improvement on standard metrics, like rouge scores compared to other methods, and human evaluators apparently prefer its summaries for cohesion and completeness.
3016120	3016600	Interesting.
3016960	3019860	Now, the listener apparently used a similar but inverted approach.
3020100	3021380	Yeah, a fascinating twist.
3021840	3032220	The listener's technique involved getting a summary of the whole document first, and then using that global summary to guide the summarization of each individual chunk or section.
3032220	3033880	So top-down instead of bottom-up.
3033960	3034480	Exactly.
3035180	3040900	A recursive or hierarchical summarization using a global-first local refinement strategy.
3041480	3048600	This approach is potentially really good for ensuring thematic consistency across the summary of a very large document.
3048740	3054500	But the real innovation was taking this recursive idea and adding a persona, the Robinson-A generator.
3054800	3056040	This is where it gets really creative.
3056180	3056280	Yeah.
3056400	3058540	Persona-guided recursive summarization.
3058540	3066100	The idea was to summarize each chunk, say each link in a chain of related articles or ideas, as a letter written by Robinson Crusoe.
3066200	3068540	Robinson Crusoe, writing summaries of tech papers.
3068680	3069160	Precisely.
3069280	3075000	It's described as mode-shifting alchemy, turning potentially dry technical writing into epistolary philosophy.
3075200	3076020	How does that even work?
3076100	3076660	Why Crusoe?
3076660	3082000	The persona, Robinson Crusoe, provides a narrative lens or interpretive filter.
3082460	3083540	It does several things at once.
3083660	3089100	It preserves the literal summary content, but it also offers this rich metaphorical reflection.
3090040	3100240	For example, a complex algorithm like tree search might be described by Crusoe as laying the foundation of a ship, while optimization becomes honing skills for survival.
3100580	3103500	Ah, mapping the technical concepts onto his island experience.
3103500	3118980	Exactly. And it maintained character continuity. Crusoe's isolation on the island becomes a metaphor for, say, an LLM's isolation from external real-time feedback, forcing it to learn through reflection and internal iteration, much like Crusoe had to learn to survive alone.
3119100	3120500	That's brilliant. Do we have an example?
3120780	3125900	Yes. There's a specific example given for summarizing a paper on process-based, self-rewarding language models.
3125900	3127460	And the letter starts something like,
3127660	3135920	Dearest confidant, in this humble missive, I impart unto thee a discourse on the intellectual pursuits which have most recently occupied my solitary hours upon this aisle.
3136380	3143600	It concerns the intricate machinations of a novel paradigm devised by learned men known as the process-based, self-rewarding language models.
3143800	3145380	Ah, that's amazing.
3145380	3157200	And then it weaves the technical details into Crusoe's narrative, talking about initialization as laying the foundation of a ship, stepwise preference optimization as honing skills for survival, and so on.
3157440	3161380	It's this incredible fusion of technical comprehension and creative reinterpretation.
3162420	3171520	This ability to filter, to interpret through such a unique lens, to really make knowledge your own in such a creative way, it feels fundamental.
3171520	3179020	It really does, and it seems to echo through the broader landscape of the listener's work, this bigger meta-project described in the sources.
3179180	3187340	Right. The Kitbash repository and this anti-disciplinary exploration. Can you give us the flavor of that? It sounds like a collection of galaxy brain concepts.
3187460	3197360	That's the description. The Kitbash repository is framed as the central hub for modular, hackable prototypes. But intriguingly, it uses intentional ambiguity as collaboration filter.
3197360	3206800	Meaning the lack of clarity is on purpose. Yes. The ambiguity apparently weeds out the normies, attracting self-selecting contributors who vibe with the mess.
3207220	3214780	People who are drawn to complexity and are willing to engage with unfinished, unconventional ideas without needing everything spelled out perfectly.
3214940	3219100	A unique way to build a community. What kind of ideas are in this repository?
3219340	3220440	Some wild stuff.
3220440	3234320	Under research and theories, there are examples like the Lunar Notch Divine Continuum, which sounds like symbolic archaeology meets theoretical computer science, proposing ancient lunar carvings as a cosmic API for divine computation.
3234540	3235940	Okay. Definitely galaxy brain.
3236380	3236800	What else?
3237060	3250180	Swedenborg as human LLM. This interprets the 18th century mystic Emanuel Swedenborg as a kind of proto-AI, suggesting his incredibly detailed visions were like GPU-overloaded hallucinations generated by his own mind.
3250180	3255980	Wow. Blurring the lines between mysticism and cognitive science. Are there controversial elements too?
3256200	3277160	Oh yes. Concepts like doctrinal sabotage, which sounds like strategically introducing disruptive ideas into established belief systems, perhaps sneaking C4 into dogma faults, metaphorically speaking, or using AI to generate screenplays with a gray areas approach, deliberately subverting traditional narrative structures.
3277160	3282180	This sounds intentionally provocative. What about collaboration? How does that work in such a chaotic space?
3282180	3307980	Through equally unconventional strategies, a silent design philosophy, basically no over-explanation, chaos as a feature, and using audience filters, like giving cryptic responses to test seriousness or deliberately redirecting pop culture references back to the actual repository content, it's described almost like psychological warfare aimed at building a very specific community of galaxy-brained misfits.
3307980	3309760	People who thrive on people who thrive on this kind of challenge.
3309760	3322480	Exactly. And the whole endeavor is framed as anti-disciplinary work, actively defying easy categorization. You get terms like computational theology, designed to make both priests and programmers sweat by forcing them to engage with each other's domains.
3322480	3340400	You can really see how everything we've discussed today, the entanglement, the math, the critiques, the creative summaries, how it all feeds into this audacious, boundary-pushing project. It's about wrestling with huge, complex, maybe dangerous ideas, and refusing to let them be simplified or boxed in.
3340580	3345320	It's a commitment to exploring the frontiers, however messy they might be. Hashtag tag tag outro.
3345320	3349520	Wow. We have covered a lot of ground today. An extraordinary journey, really.
3349540	3350460	We definitely have.
3350580	3355480	We started with that profound, maybe unsettling, realization of how interconnected our actions are.
3355840	3365260	Then we explored how our minds try to navigate this vast, uncertain world, drawing insights from, well, everywhere. Ancient philosophy, modern video games like Descent and Stars.
3365260	3380040	We unpacked how information decays, how our maps need constant refreshing. We saw how expansionist, grabby strategies seem to dominate complex systems, but also glimpsed an alternative, the mystery trader, pursuing inner space, complexity over volume.
3380040	3384900	Then we grounded these big ideas in the surprisingly universal language of vectors.
3385420	3395620	We saw how basic polynomial algebra can represent complex fields, and how those concepts are actually being used to build computational simulations of these scalar vector entropy dynamics.
3395620	3415000	And finally, we looked at the human element, how we interpret and shape information, from critiquing flawed cultural narratives like the assessment, to creating incredibly personal, persona-driven summaries with the Robinson-Age generator, all feeding into this larger framework of ambitious, anti-disciplinary exploration found in the Kitbash repository.
3415000	3423720	The thread weaving through all of this seems to be this understanding of reality, not as static, but as this dynamic, entangled field, these RSVP fields constantly in flux.
3424220	3430920	Our actions are perturbations within it, our maps are temporary, and understanding isn't a destination, it's a continuous process of refreshing the truth.
3431280	3442960	Absolutely. You've hopefully seen the hidden vectors shaping everyday experience, maybe grasped why truth needs a refresh rate, and glimpsed the kinds of control systems, both internal and external,
3442960	3446000	that shape our decisions, and the behavior of complex systems.
3446260	3450500	It's been a genuine deep dive into the architecture of information itself.
3450500	3458520	We hope it's giving you, our listener, a unique lens to view your own actions and your place in this incredibly intricate universe.
3459180	3467120	So, as you go back out into this connected world, maybe mull this over, what guide bots, what assumptions, frameworks, trust and sources are you following?
3467120	3473320	Without question, could any of them be leading you into a comfortable but ultimately limiting local minima?
3473680	3476480	And perhaps more intriguing, what inner space might you explore?
3476840	3484840	What depths of insight, creativity, or complexity could you delve into that maybe defy the conventional, often grabby, outward expansion of knowledge or influence?
3485360	3486280	Something to think about.
